<?xml version="1.0" encoding="UTF-8"?>
<beans xmlns="http://www.springframework.org/schema/beans"
	xmlns:xsi="http://www.w3.org/2001/XMLSchema-instance"
	xsi:schemaLocation="http://www.springframework.org/schema/beans http://www.springframework.org/schema/beans/spring-beans.xsd">

	<!-- Registering your Bean Post Processor -->
	<bean class="com.bpp.PathCheckingBeanPostProcessor" />

	<bean id="jerry" class="com.domain.Cashier" scope="singleton" lazy-init="true"/>

	<bean id="cart" class="com.domain.ShoppingCart" scope="singleton" lazy-init="true"/>
	
	<bean id="product" class="com.domain.Product">
		<property name="id" value="123" />
		<property name="name" value="LG" />
		<property name="cost" value="12312" />
	</bean>

	<bean id="product2" class="com.domain.Product">
		<property name="id" value="213" />
		<property name="name" value="Sony" />
		<property name="cost" value="22312" />
	</bean>

	<bean id="product3" class="com.domain.Product">
		<property name="id" value="313" />
		<property name="name" value="Oppo" />
		<property name="cost" value="42312" />
	</bean>

</beans>
